uuid,provider,date,max_accuracy,model_name,constraint,best_params,loops_in_model,best_model_duration,all_duration,cost,accuracy,precision,recall,f1
87d6379b-ce4c-453e-8803-964c645803e6,867c4a38-0d75-46ff-a4c2-f44cb63be2c9,25/07/2023,0.574712644,dt,18,depth = 10 and min_smaple = 50,0,0.090166,0.5538382,414,0.482758621,0.777777778,0.254545455,0.383561644
87d6379b-ce4c-453e-8803-964c645803e6,867c4a38-0d75-46ff-a4c2-f44cb63be2c9,25/07/2023,0.804597701,dt,38,depth = 10 and min_smaple = 50,0,0.0930123,0.5739352,247,0.643678161,0.815789474,0.563636364,0.666666667
87d6379b-ce4c-453e-8803-964c645803e6,867c4a38-0d75-46ff-a4c2-f44cb63be2c9,25/07/2023,0.574712644,rf,18,depth = 3 and min_smaple = 5,0,0.5997401,8.6562721,403,0.505747126,0.833333333,0.272727273,0.410958904
87d6379b-ce4c-453e-8803-964c645803e6,867c4a38-0d75-46ff-a4c2-f44cb63be2c9,25/07/2023,0.804597701,rf,38,depth = 3 and min_smaple = 15,0,0.5667997,8.5350292,214,0.712643678,0.894736842,0.618181818,0.731182796
87d6379b-ce4c-453e-8803-964c645803e6,867c4a38-0d75-46ff-a4c2-f44cb63be2c9,25/07/2023,0.574712644,cs,18,depth = 3 and min_smaple = 5,0,0.0271895,0.2449303,425,0.459770115,0.722222222,0.236363636,0.356164384
87d6379b-ce4c-453e-8803-964c645803e6,867c4a38-0d75-46ff-a4c2-f44cb63be2c9,25/07/2023,0.804597701,cs,38,depth = 3 and min_smaple = 5,0,0.0259861,0.239145,324,0.482758621,0.631578947,0.436363636,0.516129032
87d6379b-ce4c-453e-8803-964c645803e6,867c4a38-0d75-46ff-a4c2-f44cb63be2c9,25/07/2023,0.574712644,AdaCSL_WRC,18,depth = 3 and min_smaple = 5,31,99.8598901,1055.822477,370,0.574712644,1,0.327272727,0.493150685
87d6379b-ce4c-453e-8803-964c645803e6,867c4a38-0d75-46ff-a4c2-f44cb63be2c9,25/07/2023,0.804597701,AdaCSL_WRC,38,depth = 3 and min_smaple = 5,20,62.7611218,624.3504353,247,0.643678161,0.815789474,0.563636364,0.666666667
87d6379b-ce4c-453e-8803-964c645803e6,867c4a38-0d75-46ff-a4c2-f44cb63be2c9,25/07/2023,0.574712644,cfn=cfp AdaCSL_WRC,18,depth = 3 and min_smaple = 5,3,10.1058463,103.2088692,403,0.505747126,0.833333333,0.272727273,0.410958904
87d6379b-ce4c-453e-8803-964c645803e6,867c4a38-0d75-46ff-a4c2-f44cb63be2c9,25/07/2023,0.804597701,cfn=cfp AdaCSL_WRC,38,depth = 3 and min_smaple = 5,1,3.2280006,29.8180752,247,0.643678161,0.815789474,0.563636364,0.666666667
87d6379b-ce4c-453e-8803-964c645803e6,867c4a38-0d75-46ff-a4c2-f44cb63be2c9,26/07/2023,0.574712644,dt,18,depth = 10 and min_smaple = 15,0,0.1043161,0.567052,381,0.551724138,0.944444444,0.309090909,0.465753425
87d6379b-ce4c-453e-8803-964c645803e6,867c4a38-0d75-46ff-a4c2-f44cb63be2c9,26/07/2023,0.804597701,dt,38,depth = 10 and min_smaple = 15,0,0.1021181,0.5652856,225,0.689655172,0.868421053,0.6,0.709677419
87d6379b-ce4c-453e-8803-964c645803e6,867c4a38-0d75-46ff-a4c2-f44cb63be2c9,26/07/2023,0.574712644,rf,18,depth = 3 and min_smaple = 5,0,0.5821442,8.6934014,370,0.574712644,1,0.327272727,0.493150685
87d6379b-ce4c-453e-8803-964c645803e6,867c4a38-0d75-46ff-a4c2-f44cb63be2c9,26/07/2023,0.804597701,rf,38,depth = 3 and min_smaple = 5,0,0.5815726,9.7070919,214,0.712643678,0.894736842,0.618181818,0.731182796
87d6379b-ce4c-453e-8803-964c645803e6,867c4a38-0d75-46ff-a4c2-f44cb63be2c9,26/07/2023,0.574712644,cs,18,depth = 3 and min_smaple = 5,0,0.0262579,0.2327088,447,0.413793103,0.611111111,0.2,0.301369863
87d6379b-ce4c-453e-8803-964c645803e6,867c4a38-0d75-46ff-a4c2-f44cb63be2c9,26/07/2023,0.804597701,cs,38,depth = 3 and min_smaple = 5,0,0.0253519,0.2311453,357,0.413793103,0.552631579,0.381818182,0.451612903
87d6379b-ce4c-453e-8803-964c645803e6,867c4a38-0d75-46ff-a4c2-f44cb63be2c9,26/07/2023,0.574712644,AdaCSL_WRC,18,depth = 3 and min_smaple = 5,31,101.7121411,1021.490441,392,0.528735632,0.888888889,0.290909091,0.438356164
87d6379b-ce4c-453e-8803-964c645803e6,867c4a38-0d75-46ff-a4c2-f44cb63be2c9,26/07/2023,0.804597701,AdaCSL_WRC,38,depth = 3 and min_smaple = 5,22,69.1845892,688.3992887,258,0.620689655,0.789473684,0.545454545,0.64516129
87d6379b-ce4c-453e-8803-964c645803e6,867c4a38-0d75-46ff-a4c2-f44cb63be2c9,26/07/2023,0.574712644,cfn=cfp AdaCSL_WRC,18,depth = 3 and min_smaple = 5,3,10.5515167,105.3513722,425,0.459770115,0.722222222,0.236363636,0.356164384
87d6379b-ce4c-453e-8803-964c645803e6,867c4a38-0d75-46ff-a4c2-f44cb63be2c9,26/07/2023,0.804597701,cfn=cfp AdaCSL_WRC,38,depth = 3 and min_smaple = 5,2,7.0671407,71.851399,247,0.643678161,0.815789474,0.563636364,0.666666667
87d6379b-ce4c-453e-8803-964c645803e6,867c4a38-0d75-46ff-a4c2-f44cb63be2c9,27/07/2023,0.597701149,dt,18,depth = 10 and min_smaple = 15,0,0.103154,0.5632774,383,0.528735632,0.833333333,0.283018868,0.422535211
87d6379b-ce4c-453e-8803-964c645803e6,867c4a38-0d75-46ff-a4c2-f44cb63be2c9,27/07/2023,0.827586207,dt,38,depth = 10 and min_smaple = 15,0,0.102758,0.5638797,205,0.712643678,0.868421053,0.622641509,0.725274725
87d6379b-ce4c-453e-8803-964c645803e6,867c4a38-0d75-46ff-a4c2-f44cb63be2c9,27/07/2023,0.597701149,rf,18,depth = 3 and min_smaple = 5,0,0.570435,8.5456732,361,0.574712644,0.944444444,0.320754717,0.478873239
87d6379b-ce4c-453e-8803-964c645803e6,867c4a38-0d75-46ff-a4c2-f44cb63be2c9,27/07/2023,0.827586207,rf,38,depth = 3 and min_smaple = 5,0,0.5965209,8.5720678,194,0.735632184,0.894736842,0.641509434,0.747252747
87d6379b-ce4c-453e-8803-964c645803e6,867c4a38-0d75-46ff-a4c2-f44cb63be2c9,27/07/2023,0.597701149,cs,18,depth = 3 and min_smaple = 5,0,0.0254985,0.2427283,416,0.459770115,0.666666667,0.226415094,0.338028169
87d6379b-ce4c-453e-8803-964c645803e6,867c4a38-0d75-46ff-a4c2-f44cb63be2c9,27/07/2023,0.827586207,cs,38,depth = 3 and min_smaple = 5,0,0.0269911,0.2347719,326,0.459770115,0.578947368,0.41509434,0.483516484
87d6379b-ce4c-453e-8803-964c645803e6,867c4a38-0d75-46ff-a4c2-f44cb63be2c9,27/07/2023,0.597701149,AdaCSL_WRC,18,depth = 3 and min_smaple = 5,33,109.6659951,1119.734871,350,0.597701149,1,0.339622642,0.507042254
87d6379b-ce4c-453e-8803-964c645803e6,867c4a38-0d75-46ff-a4c2-f44cb63be2c9,27/07/2023,0.827586207,AdaCSL_WRC,38,depth = 3 and min_smaple = 5,23,74.5239715,744.3092532,205,0.712643678,0.868421053,0.622641509,0.725274725
87d6379b-ce4c-453e-8803-964c645803e6,867c4a38-0d75-46ff-a4c2-f44cb63be2c9,27/07/2023,0.597701149,cfn=cfp AdaCSL_WRC,18,depth = 3 and min_smaple = 5,3,9.41171,96.5787269,372,0.551724138,0.888888889,0.301886792,0.450704225
87d6379b-ce4c-453e-8803-964c645803e6,867c4a38-0d75-46ff-a4c2-f44cb63be2c9,27/07/2023,0.827586207,cfn=cfp AdaCSL_WRC,38,depth = 3 and min_smaple = 5,2,6.0876246,61.7625493,216,0.689655172,0.842105263,0.603773585,0.703296703
87d6379b-ce4c-453e-8803-964c645803e6,867c4a38-0d75-46ff-a4c2-f44cb63be2c9,28/07/2023,0.61627907,dt,18,depth = 10 and min_smaple = 50,0,0.0909058,0.5631683,341,0.593023256,0.944444444,0.333333333,0.492753623
87d6379b-ce4c-453e-8803-964c645803e6,867c4a38-0d75-46ff-a4c2-f44cb63be2c9,28/07/2023,0.848837209,dt,38,depth = 10 and min_smaple = 50,0,0.0916674,0.5675785,218,0.662790698,0.789473684,0.588235294,0.674157303
87d6379b-ce4c-453e-8803-964c645803e6,867c4a38-0d75-46ff-a4c2-f44cb63be2c9,28/07/2023,0.61627907,rf,18,depth = 10 and min_smaple = 15,0,1.4767463,8.5666058,330,0.61627907,1,0.352941176,0.52173913
87d6379b-ce4c-453e-8803-964c645803e6,867c4a38-0d75-46ff-a4c2-f44cb63be2c9,28/07/2023,0.848837209,rf,38,depth = 3 and min_smaple = 5,0,0.5770122,8.5984633,207,0.686046512,0.815789474,0.607843137,0.696629213
87d6379b-ce4c-453e-8803-964c645803e6,867c4a38-0d75-46ff-a4c2-f44cb63be2c9,28/07/2023,0.61627907,cs,18,depth = 3 and min_smaple = 5,0,0.0266342,0.2335269,418,0.430232558,0.555555556,0.196078431,0.289855072
87d6379b-ce4c-453e-8803-964c645803e6,867c4a38-0d75-46ff-a4c2-f44cb63be2c9,28/07/2023,0.848837209,cs,38,depth = 3 and min_smaple = 5,0,0.0260886,0.2430999,306,0.476744186,0.578947368,0.431372549,0.494382022
87d6379b-ce4c-453e-8803-964c645803e6,867c4a38-0d75-46ff-a4c2-f44cb63be2c9,28/07/2023,0.61627907,AdaCSL_WRC,18,depth = 3 and min_smaple = 5,34,113.6529142,1173.598105,363,0.546511628,0.833333333,0.294117647,0.434782609
87d6379b-ce4c-453e-8803-964c645803e6,867c4a38-0d75-46ff-a4c2-f44cb63be2c9,28/07/2023,0.848837209,AdaCSL_WRC,38,depth = 3 and min_smaple = 5,24,79.6705389,803.0424592,196,0.709302326,0.842105263,0.62745098,0.719101124
87d6379b-ce4c-453e-8803-964c645803e6,867c4a38-0d75-46ff-a4c2-f44cb63be2c9,28/07/2023,0.61627907,cfn=cfp AdaCSL_WRC,18,depth = 3 and min_smaple = 5,3,9.3217394,92.401,374,0.523255814,0.777777778,0.274509804,0.405797101
87d6379b-ce4c-453e-8803-964c645803e6,867c4a38-0d75-46ff-a4c2-f44cb63be2c9,28/07/2023,0.848837209,cfn=cfp AdaCSL_WRC,38,depth = 3 and min_smaple = 5,2,6.0499824,60.0678355,240,0.61627907,0.736842105,0.549019608,0.629213483
87d6379b-ce4c-453e-8803-964c645803e6,867c4a38-0d75-46ff-a4c2-f44cb63be2c9,29/07/2023,0.977011494,dt,18,depth = 5 and min_smaple = 5,0,0.053002,0.5707434,75,0.862068966,0.722222222,0.65,0.684210526
87d6379b-ce4c-453e-8803-964c645803e6,867c4a38-0d75-46ff-a4c2-f44cb63be2c9,29/07/2023,0.793103448,dt,38,depth = 5 and min_smaple = 5,0,0.0551326,0.5713476,18,0.793103448,0.526315789,1,0.689655172
87d6379b-ce4c-453e-8803-964c645803e6,867c4a38-0d75-46ff-a4c2-f44cb63be2c9,29/07/2023,0.977011494,rf,18,depth = 10 and min_smaple = 5,0,1.5749908,8.645317,64,0.885057471,0.777777778,0.7,0.736842105
87d6379b-ce4c-453e-8803-964c645803e6,867c4a38-0d75-46ff-a4c2-f44cb63be2c9,29/07/2023,0.793103448,rf,38,depth = 10 and min_smaple = 5,0,1.5477766,8.648782,29,0.770114943,0.5,0.95,0.655172414
87d6379b-ce4c-453e-8803-964c645803e6,867c4a38-0d75-46ff-a4c2-f44cb63be2c9,29/07/2023,0.977011494,cs,18,depth = 3 and min_smaple = 5,0,0.0270011,0.2377826,141,0.724137931,0.388888889,0.35,0.368421053
87d6379b-ce4c-453e-8803-964c645803e6,867c4a38-0d75-46ff-a4c2-f44cb63be2c9,29/07/2023,0.793103448,cs,38,depth = 3 and min_smaple = 5,0,0.0265402,0.2359776,150,0.517241379,0.210526316,0.4,0.275862069
87d6379b-ce4c-453e-8803-964c645803e6,867c4a38-0d75-46ff-a4c2-f44cb63be2c9,29/07/2023,0.977011494,AdaCSL_WRC,18,depth = 3 and min_smaple = 5,9,29.1185935,338.7617568,108,0.793103448,0.555555556,0.5,0.526315789
87d6379b-ce4c-453e-8803-964c645803e6,867c4a38-0d75-46ff-a4c2-f44cb63be2c9,29/07/2023,0.793103448,AdaCSL_WRC,38,depth = 3 and min_smaple = 5,5,17.3070813,163.5927446,18,0.793103448,0.526315789,1,0.689655172
87d6379b-ce4c-453e-8803-964c645803e6,867c4a38-0d75-46ff-a4c2-f44cb63be2c9,29/07/2023,0.977011494,cfn=cfp AdaCSL_WRC,18,depth = 3 and min_smaple = 5,1,2.4066443,22.7675009,130,0.747126437,0.444444444,0.4,0.421052632
87d6379b-ce4c-453e-8803-964c645803e6,867c4a38-0d75-46ff-a4c2-f44cb63be2c9,29/07/2023,0.793103448,cfn=cfp AdaCSL_WRC,38,depth = 3 and min_smaple = 5,1,2.4565737,22.8530781,106,0.609195402,0.315789474,0.6,0.413793103
87d6379b-ce4c-453e-8803-964c645803e6,867c4a38-0d75-46ff-a4c2-f44cb63be2c9,30/07/2023,0.83908046,dt,18,depth = 10 and min_smaple = 15,0,0.1032211,0.5673867,195,0.724137931,0.722222222,0.40625,0.52
87d6379b-ce4c-453e-8803-964c645803e6,867c4a38-0d75-46ff-a4c2-f44cb63be2c9,30/07/2023,0.931034483,dt,38,depth = 10 and min_smaple = 15,0,0.1029523,0.5669992,105,0.724137931,0.605263158,0.71875,0.657142857
87d6379b-ce4c-453e-8803-964c645803e6,867c4a38-0d75-46ff-a4c2-f44cb63be2c9,30/07/2023,0.83908046,rf,18,depth = 10 and min_smaple = 5,0,1.5802081,8.6140757,206,0.701149425,0.666666667,0.375,0.48
87d6379b-ce4c-453e-8803-964c645803e6,867c4a38-0d75-46ff-a4c2-f44cb63be2c9,30/07/2023,0.931034483,rf,38,depth = 10 and min_smaple = 5,0,1.5757678,8.5902744,127,0.67816092,0.552631579,0.65625,0.6
87d6379b-ce4c-453e-8803-964c645803e6,867c4a38-0d75-46ff-a4c2-f44cb63be2c9,30/07/2023,0.83908046,cs,18,depth = 3 and min_smaple = 5,0,0.0278478,0.2371018,261,0.586206897,0.388888889,0.21875,0.28
87d6379b-ce4c-453e-8803-964c645803e6,867c4a38-0d75-46ff-a4c2-f44cb63be2c9,30/07/2023,0.931034483,cs,38,depth = 3 and min_smaple = 5,0,0.0260629,0.2323994,226,0.471264368,0.315789474,0.375,0.342857143
87d6379b-ce4c-453e-8803-964c645803e6,867c4a38-0d75-46ff-a4c2-f44cb63be2c9,30/07/2023,0.83908046,AdaCSL_WRC,18,depth = 3 and min_smaple = 5,32,105.7603032,1087.585607,239,0.632183908,0.5,0.28125,0.36
87d6379b-ce4c-453e-8803-964c645803e6,867c4a38-0d75-46ff-a4c2-f44cb63be2c9,30/07/2023,0.931034483,AdaCSL_WRC,38,depth = 3 and min_smaple = 5,22,70.2003065,719.472844,171,0.586206897,0.447368421,0.53125,0.485714286
87d6379b-ce4c-453e-8803-964c645803e6,867c4a38-0d75-46ff-a4c2-f44cb63be2c9,30/07/2023,0.83908046,cfn=cfp AdaCSL_WRC,18,depth = 3 and min_smaple = 5,3,9.5032516,91.3710329,217,0.67816092,0.611111111,0.34375,0.44
87d6379b-ce4c-453e-8803-964c645803e6,867c4a38-0d75-46ff-a4c2-f44cb63be2c9,30/07/2023,0.931034483,cfn=cfp AdaCSL_WRC,38,depth = 3 and min_smaple = 5,2,5.9191529,58.5554988,193,0.540229885,0.394736842,0.46875,0.428571429
87d6379b-ce4c-453e-8803-964c645803e6,867c4a38-0d75-46ff-a4c2-f44cb63be2c9,31/07/2023,0.697674419,dt,18,depth = 10 and min_smaple = 15,0,0.1037034,0.5580802,315,0.581395349,0.722222222,0.295454545,0.419354839
87d6379b-ce4c-453e-8803-964c645803e6,867c4a38-0d75-46ff-a4c2-f44cb63be2c9,31/07/2023,0.930232558,dt,38,depth = 10 and min_smaple = 15,0,0.1017949,0.5607303,170,0.697674419,0.736842105,0.636363636,0.682926829
87d6379b-ce4c-453e-8803-964c645803e6,867c4a38-0d75-46ff-a4c2-f44cb63be2c9,31/07/2023,0.697674419,rf,18,depth = 3 and min_smaple = 5,0,0.5878097,8.6696162,271,0.674418605,0.944444444,0.386363636,0.548387097
87d6379b-ce4c-453e-8803-964c645803e6,867c4a38-0d75-46ff-a4c2-f44cb63be2c9,31/07/2023,0.930232558,rf,38,depth = 3 and min_smaple = 50,0,0.5990614,8.7098425,181,0.674418605,0.710526316,0.613636364,0.658536585
87d6379b-ce4c-453e-8803-964c645803e6,867c4a38-0d75-46ff-a4c2-f44cb63be2c9,31/07/2023,0.697674419,cs,18,depth = 3 and min_smaple = 5,0,0.0260762,0.2299026,348,0.511627907,0.555555556,0.227272727,0.322580645
87d6379b-ce4c-453e-8803-964c645803e6,867c4a38-0d75-46ff-a4c2-f44cb63be2c9,31/07/2023,0.930232558,cs,38,depth = 3 and min_smaple = 5,0,0.0252632,0.2270127,269,0.488372093,0.5,0.431818182,0.463414634
87d6379b-ce4c-453e-8803-964c645803e6,867c4a38-0d75-46ff-a4c2-f44cb63be2c9,31/07/2023,0.697674419,AdaCSL_WRC,18,depth = 3 and min_smaple = 5,25,80.6569317,814.200529,315,0.581395349,0.722222222,0.295454545,0.419354839
87d6379b-ce4c-453e-8803-964c645803e6,867c4a38-0d75-46ff-a4c2-f44cb63be2c9,31/07/2023,0.930232558,AdaCSL_WRC,38,depth = 3 and min_smaple = 5,21,66.6109707,669.936184,214,0.604651163,0.631578947,0.545454545,0.585365854
87d6379b-ce4c-453e-8803-964c645803e6,867c4a38-0d75-46ff-a4c2-f44cb63be2c9,31/07/2023,0.697674419,cfn=cfp AdaCSL_WRC,18,depth = 3 and min_smaple = 5,2,5.9196453,57.4855999,304,0.604651163,0.777777778,0.318181818,0.451612903
87d6379b-ce4c-453e-8803-964c645803e6,867c4a38-0d75-46ff-a4c2-f44cb63be2c9,31/07/2023,0.930232558,cfn=cfp AdaCSL_WRC,38,depth = 3 and min_smaple = 5,2,6.0140808,57.4405551,236,0.558139535,0.578947368,0.5,0.536585366
1bab4460-7beb-43b7-be4b-5eb31afe1ba4,a12f6956-9aca-4550-8caa-2e2f9532674c,25/07/2023,0.379310345,dt,2,depth = 3 and min_smaple = 5,0,0.0326231,0.5474471,180,0.379310345,1,0.1,0.181818182
1bab4460-7beb-43b7-be4b-5eb31afe1ba4,a12f6956-9aca-4550-8caa-2e2f9532674c,25/07/2023,0.896551724,dt,17,depth = 3 and min_smaple = 5,0,0.0336186,0.5533218,74,0.620689655,0.764705882,0.65,0.702702703
1bab4460-7beb-43b7-be4b-5eb31afe1ba4,a12f6956-9aca-4550-8caa-2e2f9532674c,25/07/2023,0.379310345,rf,2,depth = 3 and min_smaple = 5,0,0.6153265,8.857476,180,0.379310345,1,0.1,0.181818182
1bab4460-7beb-43b7-be4b-5eb31afe1ba4,a12f6956-9aca-4550-8caa-2e2f9532674c,25/07/2023,0.896551724,rf,17,depth = 3 and min_smaple = 5,0,0.5937166,8.9071675,74,0.620689655,0.764705882,0.65,0.702702703
1bab4460-7beb-43b7-be4b-5eb31afe1ba4,a12f6956-9aca-4550-8caa-2e2f9532674c,25/07/2023,0.379310345,cs,2,depth = 3 and min_smaple = 5,0,0.0257235,0.2411667,191,0.310344828,0.5,0.05,0.090909091
1bab4460-7beb-43b7-be4b-5eb31afe1ba4,a12f6956-9aca-4550-8caa-2e2f9532674c,25/07/2023,0.896551724,cs,17,depth = 3 and min_smaple = 5,0,0.0266366,0.2405371,74,0.620689655,0.764705882,0.65,0.702702703
1bab4460-7beb-43b7-be4b-5eb31afe1ba4,a12f6956-9aca-4550-8caa-2e2f9532674c,25/07/2023,0.379310345,AdaCSL_WRC,2,depth = 3 and min_smaple = 5,37,125.9094683,1291.42987,191,0.310344828,0.5,0.05,0.090909091
1bab4460-7beb-43b7-be4b-5eb31afe1ba4,a12f6956-9aca-4550-8caa-2e2f9532674c,25/07/2023,0.896551724,AdaCSL_WRC,17,depth = 3 and min_smaple = 5,16,51.2821003,506.4988367,74,0.620689655,0.764705882,0.65,0.702702703
1bab4460-7beb-43b7-be4b-5eb31afe1ba4,a12f6956-9aca-4550-8caa-2e2f9532674c,25/07/2023,0.379310345,cfn=cfp AdaCSL_WRC,2,depth = 3 and min_smaple = 5,3,10.1844318,102.2048152,191,0.310344828,0.5,0.05,0.090909091
1bab4460-7beb-43b7-be4b-5eb31afe1ba4,a12f6956-9aca-4550-8caa-2e2f9532674c,25/07/2023,0.896551724,cfn=cfp AdaCSL_WRC,17,depth = 3 and min_smaple = 5,1,3.1734522,29.6305194,74,0.620689655,0.764705882,0.65,0.702702703
1bab4460-7beb-43b7-be4b-5eb31afe1ba4,a12f6956-9aca-4550-8caa-2e2f9532674c,26/07/2023,0.24137931,dt,2,depth = 3 and min_smaple = 5,0,0.0342897,0.5558286,220,0.24137931,1,0.083333333,0.153846154
1bab4460-7beb-43b7-be4b-5eb31afe1ba4,a12f6956-9aca-4550-8caa-2e2f9532674c,26/07/2023,0.75862069,dt,17,depth = 3 and min_smaple = 5,0,0.0330331,0.553638,81,0.689655172,0.941176471,0.666666667,0.780487805
1bab4460-7beb-43b7-be4b-5eb31afe1ba4,a12f6956-9aca-4550-8caa-2e2f9532674c,26/07/2023,0.24137931,rf,2,depth = 3 and min_smaple = 15,0,0.5854891,8.6746876,220,0.24137931,1,0.083333333,0.153846154
1bab4460-7beb-43b7-be4b-5eb31afe1ba4,a12f6956-9aca-4550-8caa-2e2f9532674c,26/07/2023,0.75862069,rf,17,depth = 5 and min_smaple = 5,0,0.8413366,8.6545883,92,0.620689655,0.882352941,0.625,0.731707317
1bab4460-7beb-43b7-be4b-5eb31afe1ba4,a12f6956-9aca-4550-8caa-2e2f9532674c,26/07/2023,0.24137931,cs,2,depth = 3 and min_smaple = 5,0,0.027203,0.2381159,231,0.172413793,0.5,0.041666667,0.076923077
1bab4460-7beb-43b7-be4b-5eb31afe1ba4,a12f6956-9aca-4550-8caa-2e2f9532674c,26/07/2023,0.75862069,cs,17,depth = 3 and min_smaple = 5,0,0.025437,0.2328997,103,0.551724138,0.823529412,0.583333333,0.682926829
1bab4460-7beb-43b7-be4b-5eb31afe1ba4,a12f6956-9aca-4550-8caa-2e2f9532674c,26/07/2023,0.24137931,AdaCSL_WRC,2,depth = 3 and min_smaple = 5,34,111.7527377,1142.992942,231,0.172413793,0.5,0.041666667,0.076923077
1bab4460-7beb-43b7-be4b-5eb31afe1ba4,a12f6956-9aca-4550-8caa-2e2f9532674c,26/07/2023,0.75862069,AdaCSL_WRC,17,depth = 3 and min_smaple = 5,18,56.3035927,556.9524415,92,0.620689655,0.882352941,0.625,0.731707317
1bab4460-7beb-43b7-be4b-5eb31afe1ba4,a12f6956-9aca-4550-8caa-2e2f9532674c,26/07/2023,0.24137931,cfn=cfp AdaCSL_WRC,2,depth = 3 and min_smaple = 5,3,10.5322558,105.5536908,231,0.172413793,0.5,0.041666667,0.076923077
1bab4460-7beb-43b7-be4b-5eb31afe1ba4,a12f6956-9aca-4550-8caa-2e2f9532674c,26/07/2023,0.75862069,cfn=cfp AdaCSL_WRC,17,depth = 3 and min_smaple = 5,1,3.5260003,34.3926252,92,0.620689655,0.882352941,0.625,0.731707317
1bab4460-7beb-43b7-be4b-5eb31afe1ba4,a12f6956-9aca-4550-8caa-2e2f9532674c,27/07/2023,0.310344828,dt,2,depth = 10 and min_smaple = 15,0,0.1042261,0.5616856,200,0.310344828,1,0.090909091,0.166666667
1bab4460-7beb-43b7-be4b-5eb31afe1ba4,a12f6956-9aca-4550-8caa-2e2f9532674c,27/07/2023,0.827586207,dt,17,depth = 10 and min_smaple = 15,0,0.1019837,0.5582929,61,0.75862069,0.941176471,0.727272727,0.820512821
1bab4460-7beb-43b7-be4b-5eb31afe1ba4,a12f6956-9aca-4550-8caa-2e2f9532674c,27/07/2023,0.310344828,rf,2,depth = 3 and min_smaple = 15,0,0.5902278,8.5520545,200,0.310344828,1,0.090909091,0.166666667
1bab4460-7beb-43b7-be4b-5eb31afe1ba4,a12f6956-9aca-4550-8caa-2e2f9532674c,27/07/2023,0.827586207,rf,17,depth = 3 and min_smaple = 5,0,0.577985,8.6461428,61,0.75862069,0.941176471,0.727272727,0.820512821
1bab4460-7beb-43b7-be4b-5eb31afe1ba4,a12f6956-9aca-4550-8caa-2e2f9532674c,27/07/2023,0.310344828,cs,2,depth = 3 and min_smaple = 5,0,0.0262028,0.2298296,211,0.24137931,0.5,0.045454545,0.083333333
1bab4460-7beb-43b7-be4b-5eb31afe1ba4,a12f6956-9aca-4550-8caa-2e2f9532674c,27/07/2023,0.827586207,cs,17,depth = 3 and min_smaple = 5,0,0.0257437,0.2305684,94,0.551724138,0.764705882,0.590909091,0.666666667
1bab4460-7beb-43b7-be4b-5eb31afe1ba4,a12f6956-9aca-4550-8caa-2e2f9532674c,27/07/2023,0.310344828,AdaCSL_WRC,2,depth = 3 and min_smaple = 5,35,116.5502978,1196.558615,211,0.24137931,0.5,0.045454545,0.083333333
1bab4460-7beb-43b7-be4b-5eb31afe1ba4,a12f6956-9aca-4550-8caa-2e2f9532674c,27/07/2023,0.827586207,AdaCSL_WRC,17,depth = 3 and min_smaple = 5,20,64.1957067,643.1523716,72,0.689655172,0.882352941,0.681818182,0.769230769
1bab4460-7beb-43b7-be4b-5eb31afe1ba4,a12f6956-9aca-4550-8caa-2e2f9532674c,27/07/2023,0.310344828,cfn=cfp AdaCSL_WRC,2,depth = 3 and min_smaple = 5,3,9.3657435,94.7831511,211,0.24137931,0.5,0.045454545,0.083333333
1bab4460-7beb-43b7-be4b-5eb31afe1ba4,a12f6956-9aca-4550-8caa-2e2f9532674c,27/07/2023,0.827586207,cfn=cfp AdaCSL_WRC,17,depth = 3 and min_smaple = 5,1,2.3656415,23.1616875,72,0.689655172,0.882352941,0.681818182,0.769230769
1bab4460-7beb-43b7-be4b-5eb31afe1ba4,a12f6956-9aca-4550-8caa-2e2f9532674c,28/07/2023,0.448275862,dt,2,depth = 10 and min_smaple = 15,0,0.1005762,0.5617983,171,0.379310345,0.5,0.055555556,0.1
1bab4460-7beb-43b7-be4b-5eb31afe1ba4,a12f6956-9aca-4550-8caa-2e2f9532674c,28/07/2023,0.965517241,dt,17,depth = 10 and min_smaple = 15,0,0.1015563,0.5513401,43,0.75862069,0.823529412,0.777777778,0.8
1bab4460-7beb-43b7-be4b-5eb31afe1ba4,a12f6956-9aca-4550-8caa-2e2f9532674c,28/07/2023,0.448275862,rf,2,depth = 3 and min_smaple = 5,0,0.5828704,8.6132358,160,0.448275862,1,0.111111111,0.2
1bab4460-7beb-43b7-be4b-5eb31afe1ba4,a12f6956-9aca-4550-8caa-2e2f9532674c,28/07/2023,0.965517241,rf,17,depth = 3 and min_smaple = 5,0,0.6001898,8.7163775,32,0.827586207,0.882352941,0.833333333,0.857142857
1bab4460-7beb-43b7-be4b-5eb31afe1ba4,a12f6956-9aca-4550-8caa-2e2f9532674c,28/07/2023,0.448275862,cs,2,depth = 3 and min_smaple = 5,0,0.0267005,0.2347167,171,0.379310345,0.5,0.055555556,0.1
1bab4460-7beb-43b7-be4b-5eb31afe1ba4,a12f6956-9aca-4550-8caa-2e2f9532674c,28/07/2023,0.965517241,cs,17,depth = 3 and min_smaple = 5,0,0.0258652,0.235588,65,0.620689655,0.705882353,0.666666667,0.685714286
1bab4460-7beb-43b7-be4b-5eb31afe1ba4,a12f6956-9aca-4550-8caa-2e2f9532674c,28/07/2023,0.448275862,AdaCSL_WRC,2,depth = 3 and min_smaple = 5,46,154.6917884,1580.977197,171,0.379310345,0.5,0.055555556,0.1
1bab4460-7beb-43b7-be4b-5eb31afe1ba4,a12f6956-9aca-4550-8caa-2e2f9532674c,28/07/2023,0.965517241,AdaCSL_WRC,17,depth = 3 and min_smaple = 5,18,59.334483,617.2621288,54,0.689655172,0.764705882,0.722222222,0.742857143
1bab4460-7beb-43b7-be4b-5eb31afe1ba4,a12f6956-9aca-4550-8caa-2e2f9532674c,28/07/2023,0.448275862,cfn=cfp AdaCSL_WRC,2,depth = 3 and min_smaple = 5,4,13.0392229,125.0218519,171,0.379310345,0.5,0.055555556,0.1
1bab4460-7beb-43b7-be4b-5eb31afe1ba4,a12f6956-9aca-4550-8caa-2e2f9532674c,28/07/2023,0.965517241,cfn=cfp AdaCSL_WRC,17,depth = 3 and min_smaple = 5,1,2.451768,22.5371706,43,0.75862069,0.823529412,0.777777778,0.8
1bab4460-7beb-43b7-be4b-5eb31afe1ba4,a12f6956-9aca-4550-8caa-2e2f9532674c,29/07/2023,0.793103448,dt,2,depth = 3 and min_smaple = 5,0,0.0340063,0.5646498,71,0.724137931,0.5,0.125,0.2
1bab4460-7beb-43b7-be4b-5eb31afe1ba4,a12f6956-9aca-4550-8caa-2e2f9532674c,29/07/2023,0.689655172,dt,17,depth = 3 and min_smaple = 5,0,0.0340532,0.5681477,20,0.620689655,0.411764706,0.875,0.56
1bab4460-7beb-43b7-be4b-5eb31afe1ba4,a12f6956-9aca-4550-8caa-2e2f9532674c,29/07/2023,0.793103448,rf,2,depth = 10 and min_smaple = 5,0,1.5995165,8.6942144,60,0.793103448,1,0.25,0.4
1bab4460-7beb-43b7-be4b-5eb31afe1ba4,a12f6956-9aca-4550-8caa-2e2f9532674c,29/07/2023,0.689655172,rf,17,depth = 10 and min_smaple = 5,0,1.5400796,8.626246,9,0.689655172,0.470588235,1,0.64
1bab4460-7beb-43b7-be4b-5eb31afe1ba4,a12f6956-9aca-4550-8caa-2e2f9532674c,29/07/2023,0.793103448,cs,2,depth = 3 and min_smaple = 5,0,0.0261375,0.2291671,71,0.724137931,0.5,0.125,0.2
1bab4460-7beb-43b7-be4b-5eb31afe1ba4,a12f6956-9aca-4550-8caa-2e2f9532674c,29/07/2023,0.689655172,cs,17,depth = 3 and min_smaple = 5,0,0.0261947,0.2301364,42,0.482758621,0.294117647,0.625,0.4
1bab4460-7beb-43b7-be4b-5eb31afe1ba4,a12f6956-9aca-4550-8caa-2e2f9532674c,29/07/2023,0.793103448,AdaCSL_WRC,2,depth = 3 and min_smaple = 5,34,111.7633016,1154.054016,71,0.724137931,0.5,0.125,0.2
1bab4460-7beb-43b7-be4b-5eb31afe1ba4,a12f6956-9aca-4550-8caa-2e2f9532674c,29/07/2023,0.689655172,AdaCSL_WRC,17,depth = 3 and min_smaple = 5,12,39.6305676,417.9276205,20,0.620689655,0.411764706,0.875,0.56
1bab4460-7beb-43b7-be4b-5eb31afe1ba4,a12f6956-9aca-4550-8caa-2e2f9532674c,29/07/2023,0.793103448,cfn=cfp AdaCSL_WRC,2,depth = 3 and min_smaple = 5,3,9.2950538,95.6030322,71,0.724137931,0.5,0.125,0.2
1bab4460-7beb-43b7-be4b-5eb31afe1ba4,a12f6956-9aca-4550-8caa-2e2f9532674c,29/07/2023,0.689655172,cfn=cfp AdaCSL_WRC,17,depth = 3 and min_smaple = 5,1,2.4899372,22.5627745,31,0.551724138,0.352941176,0.75,0.48
1bab4460-7beb-43b7-be4b-5eb31afe1ba4,a12f6956-9aca-4550-8caa-2e2f9532674c,30/07/2023,1,dt,2,depth = 10 and min_smaple = 5,0,0.1070762,0.5686488,0,1,1,1,1
1bab4460-7beb-43b7-be4b-5eb31afe1ba4,a12f6956-9aca-4550-8caa-2e2f9532674c,30/07/2023,0.482758621,dt,17,depth = 10 and min_smaple = 5,0,0.1078521,0.5624394,15,0.482758621,0.117647059,1,0.210526316
1bab4460-7beb-43b7-be4b-5eb31afe1ba4,a12f6956-9aca-4550-8caa-2e2f9532674c,30/07/2023,1,rf,2,depth = 10 and min_smaple = 5,0,1.5749346,8.6449983,0,1,1,1,1
1bab4460-7beb-43b7-be4b-5eb31afe1ba4,a12f6956-9aca-4550-8caa-2e2f9532674c,30/07/2023,0.482758621,rf,17,depth = 10 and min_smaple = 5,0,1.5552487,8.5908305,15,0.482758621,0.117647059,1,0.210526316
1bab4460-7beb-43b7-be4b-5eb31afe1ba4,a12f6956-9aca-4550-8caa-2e2f9532674c,30/07/2023,1,cs,2,depth = 3 and min_smaple = 5,0,0.0262496,0.2319554,11,0.931034483,0.5,0.5,0.5
1bab4460-7beb-43b7-be4b-5eb31afe1ba4,a12f6956-9aca-4550-8caa-2e2f9532674c,30/07/2023,0.482758621,cs,17,depth = 3 and min_smaple = 5,0,0.0259861,0.2294982,15,0.482758621,0.117647059,1,0.210526316
1bab4460-7beb-43b7-be4b-5eb31afe1ba4,a12f6956-9aca-4550-8caa-2e2f9532674c,30/07/2023,1,AdaCSL_WRC,2,depth = 3 and min_smaple = 5,12,40.0555648,418.4945148,11,0.931034483,0.5,0.5,0.5
1bab4460-7beb-43b7-be4b-5eb31afe1ba4,a12f6956-9aca-4550-8caa-2e2f9532674c,30/07/2023,0.482758621,AdaCSL_WRC,17,depth = 3 and min_smaple = 5,4,12.4421959,119.7979839,15,0.482758621,0.117647059,1,0.210526316
1bab4460-7beb-43b7-be4b-5eb31afe1ba4,a12f6956-9aca-4550-8caa-2e2f9532674c,30/07/2023,1,cfn=cfp AdaCSL_WRC,2,depth = 3 and min_smaple = 5,1,2.3984032,22.547924,11,0.931034483,0.5,0.5,0.5
1bab4460-7beb-43b7-be4b-5eb31afe1ba4,a12f6956-9aca-4550-8caa-2e2f9532674c,30/07/2023,0.482758621,cfn=cfp AdaCSL_WRC,17,depth = 3 and min_smaple = 5,1,2.3894582,22.4707976,15,0.482758621,0.117647059,1,0.210526316
1bab4460-7beb-43b7-be4b-5eb31afe1ba4,a12f6956-9aca-4550-8caa-2e2f9532674c,31/07/2023,0.724137931,dt,2,depth = 10 and min_smaple = 15,0,0.1031405,0.5608843,80,0.724137931,1,0.2,0.333333333
1bab4460-7beb-43b7-be4b-5eb31afe1ba4,a12f6956-9aca-4550-8caa-2e2f9532674c,31/07/2023,0.75862069,dt,17,depth = 10 and min_smaple = 50,0,0.0903486,0.5565717,51,0.482758621,0.352941176,0.6,0.444444444
1bab4460-7beb-43b7-be4b-5eb31afe1ba4,a12f6956-9aca-4550-8caa-2e2f9532674c,31/07/2023,0.724137931,rf,2,depth = 5 and min_smaple = 5,0,0.8536046,8.5756577,102,0.586206897,0,0,0
1bab4460-7beb-43b7-be4b-5eb31afe1ba4,a12f6956-9aca-4550-8caa-2e2f9532674c,31/07/2023,0.75862069,rf,17,depth = 5 and min_smaple = 5,0,0.8272613,8.6428475,62,0.413793103,0.294117647,0.5,0.37037037
1bab4460-7beb-43b7-be4b-5eb31afe1ba4,a12f6956-9aca-4550-8caa-2e2f9532674c,31/07/2023,0.724137931,cs,2,depth = 3 and min_smaple = 5,0,0.0258143,0.231967,91,0.655172414,0.5,0.1,0.166666667
1bab4460-7beb-43b7-be4b-5eb31afe1ba4,a12f6956-9aca-4550-8caa-2e2f9532674c,31/07/2023,0.75862069,cs,17,depth = 3 and min_smaple = 5,0,0.0254252,0.2313252,51,0.482758621,0.352941176,0.6,0.444444444
1bab4460-7beb-43b7-be4b-5eb31afe1ba4,a12f6956-9aca-4550-8caa-2e2f9532674c,31/07/2023,0.724137931,AdaCSL_WRC,2,depth = 3 and min_smaple = 5,30,98.0779231,995.1679215,91,0.655172414,0.5,0.1,0.166666667
1bab4460-7beb-43b7-be4b-5eb31afe1ba4,a12f6956-9aca-4550-8caa-2e2f9532674c,31/07/2023,0.75862069,AdaCSL_WRC,17,depth = 3 and min_smaple = 5,18,56.9225846,581.1811376,18,0.689655172,0.529411765,0.9,0.666666667
1bab4460-7beb-43b7-be4b-5eb31afe1ba4,a12f6956-9aca-4550-8caa-2e2f9532674c,31/07/2023,0.724137931,cfn=cfp AdaCSL_WRC,2,depth = 3 and min_smaple = 5,2,6.0007957,57.3897216,91,0.655172414,0.5,0.1,0.166666667
1bab4460-7beb-43b7-be4b-5eb31afe1ba4,a12f6956-9aca-4550-8caa-2e2f9532674c,31/07/2023,0.75862069,cfn=cfp AdaCSL_WRC,17,depth = 3 and min_smaple = 5,1,2.5019927,23.0115926,18,0.689655172,0.529411765,0.9,0.666666667
b12cc99f-3fdf-4ce2-ac65-b8e3fb0817eb,02531004-4599-4177-9d7d-00bc85a200c6,25/07/2023,0.666666667,dt,8,depth = 10 and min_smaple = 5,0,0.103605,0.5585556,101,0.592592593,0.875,0.411764706,0.56
b12cc99f-3fdf-4ce2-ac65-b8e3fb0817eb,02531004-4599-4177-9d7d-00bc85a200c6,25/07/2023,0.851851852,dt,13,depth = 10 and min_smaple = 5,0,0.1086086,0.561439,51,0.777777778,0.923076923,0.705882353,0.8
b12cc99f-3fdf-4ce2-ac65-b8e3fb0817eb,02531004-4599-4177-9d7d-00bc85a200c6,25/07/2023,0.666666667,rf,8,depth = 3 and min_smaple = 5,0,0.6336597,8.9267335,101,0.592592593,0.875,0.411764706,0.56
b12cc99f-3fdf-4ce2-ac65-b8e3fb0817eb,02531004-4599-4177-9d7d-00bc85a200c6,25/07/2023,0.851851852,rf,13,depth = 3 and min_smaple = 5,0,0.6632611,9.0875795,62,0.703703704,0.846153846,0.647058824,0.733333333
b12cc99f-3fdf-4ce2-ac65-b8e3fb0817eb,02531004-4599-4177-9d7d-00bc85a200c6,25/07/2023,0.666666667,cs,8,depth = 3 and min_smaple = 5,0,0.0278898,0.2505319,134,0.37037037,0.5,0.235294118,0.32
b12cc99f-3fdf-4ce2-ac65-b8e3fb0817eb,02531004-4599-4177-9d7d-00bc85a200c6,25/07/2023,0.851851852,cs,13,depth = 3 and min_smaple = 5,0,0.0273161,0.2354717,106,0.407407407,0.538461538,0.411764706,0.466666667
b12cc99f-3fdf-4ce2-ac65-b8e3fb0817eb,02531004-4599-4177-9d7d-00bc85a200c6,25/07/2023,0.666666667,AdaCSL_WRC,8,depth = 3 and min_smaple = 5,22,71.0398936,715.1493705,112,0.518518519,0.75,0.352941176,0.48
b12cc99f-3fdf-4ce2-ac65-b8e3fb0817eb,02531004-4599-4177-9d7d-00bc85a200c6,25/07/2023,0.851851852,AdaCSL_WRC,13,depth = 3 and min_smaple = 5,20,64.2213016,656.3752825,62,0.703703704,0.846153846,0.647058824,0.733333333
b12cc99f-3fdf-4ce2-ac65-b8e3fb0817eb,02531004-4599-4177-9d7d-00bc85a200c6,25/07/2023,0.666666667,cfn=cfp AdaCSL_WRC,8,depth = 3 and min_smaple = 5,2,7.0048043,72.4094355,112,0.518518519,0.75,0.352941176,0.48
b12cc99f-3fdf-4ce2-ac65-b8e3fb0817eb,02531004-4599-4177-9d7d-00bc85a200c6,25/07/2023,0.851851852,cfn=cfp AdaCSL_WRC,13,depth = 3 and min_smaple = 5,1,3.4323875,30.8352353,62,0.703703704,0.846153846,0.647058824,0.733333333
b12cc99f-3fdf-4ce2-ac65-b8e3fb0817eb,02531004-4599-4177-9d7d-00bc85a200c6,26/07/2023,0.714285714,dt,8,depth = 10 and min_smaple = 50,0,0.0919206,0.5686714,91,0.642857143,0.875,0.4375,0.583333333
b12cc99f-3fdf-4ce2-ac65-b8e3fb0817eb,02531004-4599-4177-9d7d-00bc85a200c6,26/07/2023,0.892857143,dt,13,depth = 10 and min_smaple = 50,0,0.09168,0.5675008,41,0.821428571,0.923076923,0.75,0.827586207
b12cc99f-3fdf-4ce2-ac65-b8e3fb0817eb,02531004-4599-4177-9d7d-00bc85a200c6,26/07/2023,0.714285714,rf,8,depth = 10 and min_smaple = 15,0,1.5741829,9.0624855,80,0.714285714,1,0.5,0.666666667
b12cc99f-3fdf-4ce2-ac65-b8e3fb0817eb,02531004-4599-4177-9d7d-00bc85a200c6,26/07/2023,0.892857143,rf,13,depth = 10 and min_smaple = 5,0,1.6799283,9.2145447,41,0.821428571,0.923076923,0.75,0.827586207
b12cc99f-3fdf-4ce2-ac65-b8e3fb0817eb,02531004-4599-4177-9d7d-00bc85a200c6,26/07/2023,0.714285714,cs,8,depth = 3 and min_smaple = 5,0,0.0278986,0.2552793,146,0.285714286,0.25,0.125,0.166666667
b12cc99f-3fdf-4ce2-ac65-b8e3fb0817eb,02531004-4599-4177-9d7d-00bc85a200c6,26/07/2023,0.892857143,cs,13,depth = 3 and min_smaple = 5,0,0.0282244,0.2557414,118,0.321428571,0.384615385,0.3125,0.344827586
b12cc99f-3fdf-4ce2-ac65-b8e3fb0817eb,02531004-4599-4177-9d7d-00bc85a200c6,26/07/2023,0.714285714,AdaCSL_WRC,8,depth = 3 and min_smaple = 5,24,82.2479627,813.4306063,91,0.642857143,0.875,0.4375,0.583333333
b12cc99f-3fdf-4ce2-ac65-b8e3fb0817eb,02531004-4599-4177-9d7d-00bc85a200c6,26/07/2023,0.892857143,AdaCSL_WRC,13,depth = 3 and min_smaple = 5,20,67.1019173,654.2789165,52,0.75,0.846153846,0.6875,0.75862069
b12cc99f-3fdf-4ce2-ac65-b8e3fb0817eb,02531004-4599-4177-9d7d-00bc85a200c6,26/07/2023,0.714285714,cfn=cfp AdaCSL_WRC,8,depth = 3 and min_smaple = 5,2,7.3004852,74.0246508,91,0.642857143,0.875,0.4375,0.583333333
b12cc99f-3fdf-4ce2-ac65-b8e3fb0817eb,02531004-4599-4177-9d7d-00bc85a200c6,26/07/2023,0.892857143,cfn=cfp AdaCSL_WRC,13,depth = 3 and min_smaple = 5,1,3.8490112,36.1372707,52,0.75,0.846153846,0.6875,0.75862069
b12cc99f-3fdf-4ce2-ac65-b8e3fb0817eb,02531004-4599-4177-9d7d-00bc85a200c6,27/07/2023,0.703703704,dt,8,depth = 10 and min_smaple = 5,0,0.1117015,0.585981,91,0.62962963,0.875,0.4375,0.583333333
b12cc99f-3fdf-4ce2-ac65-b8e3fb0817eb,02531004-4599-4177-9d7d-00bc85a200c6,27/07/2023,0.888888889,dt,13,depth = 10 and min_smaple = 5,0,0.1115874,0.5820781,52,0.740740741,0.846153846,0.6875,0.75862069
b12cc99f-3fdf-4ce2-ac65-b8e3fb0817eb,02531004-4599-4177-9d7d-00bc85a200c6,27/07/2023,0.703703704,rf,8,depth = 10 and min_smaple = 5,0,1.6413095,8.9963484,91,0.62962963,0.875,0.4375,0.583333333
b12cc99f-3fdf-4ce2-ac65-b8e3fb0817eb,02531004-4599-4177-9d7d-00bc85a200c6,27/07/2023,0.888888889,rf,13,depth = 10 and min_smaple = 5,0,1.6212115,8.7846625,52,0.740740741,0.846153846,0.6875,0.75862069
b12cc99f-3fdf-4ce2-ac65-b8e3fb0817eb,02531004-4599-4177-9d7d-00bc85a200c6,27/07/2023,0.703703704,cs,8,depth = 3 and min_smaple = 5,0,0.025968,0.2393632,146,0.259259259,0.25,0.125,0.166666667
b12cc99f-3fdf-4ce2-ac65-b8e3fb0817eb,02531004-4599-4177-9d7d-00bc85a200c6,27/07/2023,0.888888889,cs,13,depth = 3 and min_smaple = 5,0,0.0267766,0.2392708,118,0.296296296,0.384615385,0.3125,0.344827586
b12cc99f-3fdf-4ce2-ac65-b8e3fb0817eb,02531004-4599-4177-9d7d-00bc85a200c6,27/07/2023,0.703703704,AdaCSL_WRC,8,depth = 3 and min_smaple = 5,25,85.0492754,855.4790909,102,0.555555556,0.75,0.375,0.5
b12cc99f-3fdf-4ce2-ac65-b8e3fb0817eb,02531004-4599-4177-9d7d-00bc85a200c6,27/07/2023,0.888888889,AdaCSL_WRC,13,depth = 3 and min_smaple = 5,16,53.9575837,552.1488548,41,0.814814815,0.923076923,0.75,0.827586207
b12cc99f-3fdf-4ce2-ac65-b8e3fb0817eb,02531004-4599-4177-9d7d-00bc85a200c6,27/07/2023,0.703703704,cfn=cfp AdaCSL_WRC,8,depth = 3 and min_smaple = 5,2,6.5899747,64.5864653,102,0.555555556,0.75,0.375,0.5
b12cc99f-3fdf-4ce2-ac65-b8e3fb0817eb,02531004-4599-4177-9d7d-00bc85a200c6,27/07/2023,0.888888889,cfn=cfp AdaCSL_WRC,13,depth = 3 and min_smaple = 5,2,6.0704831,64.2227648,96,0.444444444,0.538461538,0.4375,0.482758621
b12cc99f-3fdf-4ce2-ac65-b8e3fb0817eb,02531004-4599-4177-9d7d-00bc85a200c6,28/07/2023,0.607142857,dt,8,depth = 10 and min_smaple = 15,0,0.1023248,0.5687158,121,0.535714286,0.875,0.368421053,0.518518519
b12cc99f-3fdf-4ce2-ac65-b8e3fb0817eb,02531004-4599-4177-9d7d-00bc85a200c6,28/07/2023,0.785714286,dt,13,depth = 10 and min_smaple = 15,0,0.1026114,0.5653949,71,0.714285714,0.923076923,0.631578947,0.75
b12cc99f-3fdf-4ce2-ac65-b8e3fb0817eb,02531004-4599-4177-9d7d-00bc85a200c6,28/07/2023,0.607142857,rf,8,depth = 5 and min_smaple = 5,0,0.8530296,8.9204244,110,0.607142857,1,0.421052632,0.592592593
b12cc99f-3fdf-4ce2-ac65-b8e3fb0817eb,02531004-4599-4177-9d7d-00bc85a200c6,28/07/2023,0.785714286,rf,13,depth = 5 and min_smaple = 5,0,0.8579267,8.7917009,71,0.714285714,0.923076923,0.631578947,0.75
b12cc99f-3fdf-4ce2-ac65-b8e3fb0817eb,02531004-4599-4177-9d7d-00bc85a200c6,28/07/2023,0.607142857,cs,8,depth = 3 and min_smaple = 5,0,0.0322277,0.2640704,154,0.321428571,0.5,0.210526316,0.296296296
b12cc99f-3fdf-4ce2-ac65-b8e3fb0817eb,02531004-4599-4177-9d7d-00bc85a200c6,28/07/2023,0.785714286,cs,13,depth = 3 and min_smaple = 5,0,0.0267753,0.2625901,126,0.357142857,0.538461538,0.368421053,0.4375
b12cc99f-3fdf-4ce2-ac65-b8e3fb0817eb,02531004-4599-4177-9d7d-00bc85a200c6,28/07/2023,0.607142857,AdaCSL_WRC,8,depth = 3 and min_smaple = 5,26,91.7579346,916.6253111,121,0.535714286,0.875,0.368421053,0.518518519
b12cc99f-3fdf-4ce2-ac65-b8e3fb0817eb,02531004-4599-4177-9d7d-00bc85a200c6,28/07/2023,0.785714286,AdaCSL_WRC,13,depth = 3 and min_smaple = 5,21,73.0716,731.1014388,93,0.571428571,0.769230769,0.526315789,0.625
b12cc99f-3fdf-4ce2-ac65-b8e3fb0817eb,02531004-4599-4177-9d7d-00bc85a200c6,28/07/2023,0.607142857,cfn=cfp AdaCSL_WRC,8,depth = 3 and min_smaple = 5,2,6.1805564,61.3171165,121,0.535714286,0.875,0.368421053,0.518518519
b12cc99f-3fdf-4ce2-ac65-b8e3fb0817eb,02531004-4599-4177-9d7d-00bc85a200c6,28/07/2023,0.785714286,cfn=cfp AdaCSL_WRC,13,depth = 3 and min_smaple = 5,2,6.0522874,71.0270925,104,0.5,0.692307692,0.473684211,0.5625
b12cc99f-3fdf-4ce2-ac65-b8e3fb0817eb,02531004-4599-4177-9d7d-00bc85a200c6,29/07/2023,0.851851852,dt,8,depth = 3 and min_smaple = 5,0,0.0445749,0.7423275,51,0.777777778,0.875,0.583333333,0.7
b12cc99f-3fdf-4ce2-ac65-b8e3fb0817eb,02531004-4599-4177-9d7d-00bc85a200c6,29/07/2023,0.962962963,dt,13,depth = 3 and min_smaple = 5,0,0.0445292,0.7577466,23,0.814814815,0.769230769,0.833333333,0.8
b12cc99f-3fdf-4ce2-ac65-b8e3fb0817eb,02531004-4599-4177-9d7d-00bc85a200c6,29/07/2023,0.851851852,rf,8,depth = 10 and min_smaple = 5,0,2.2505699,12.1174036,62,0.703703704,0.75,0.5,0.6
b12cc99f-3fdf-4ce2-ac65-b8e3fb0817eb,02531004-4599-4177-9d7d-00bc85a200c6,29/07/2023,0.962962963,rf,13,depth = 10 and min_smaple = 5,0,2.1652182,11.3176052,45,0.666666667,0.615384615,0.666666667,0.64
b12cc99f-3fdf-4ce2-ac65-b8e3fb0817eb,02531004-4599-4177-9d7d-00bc85a200c6,29/07/2023,0.851851852,cs,8,depth = 3 and min_smaple = 5,0,0.0299349,0.3223017,84,0.555555556,0.5,0.333333333,0.4
b12cc99f-3fdf-4ce2-ac65-b8e3fb0817eb,02531004-4599-4177-9d7d-00bc85a200c6,29/07/2023,0.962962963,cs,13,depth = 3 and min_smaple = 5,0,0.0447532,0.2744659,78,0.444444444,0.384615385,0.416666667,0.4
b12cc99f-3fdf-4ce2-ac65-b8e3fb0817eb,02531004-4599-4177-9d7d-00bc85a200c6,29/07/2023,0.851851852,AdaCSL_WRC,8,depth = 3 and min_smaple = 5,12,46.3779465,442.1304014,62,0.703703704,0.75,0.5,0.6
b12cc99f-3fdf-4ce2-ac65-b8e3fb0817eb,02531004-4599-4177-9d7d-00bc85a200c6,29/07/2023,0.962962963,AdaCSL_WRC,13,depth = 3 and min_smaple = 5,12,42.4480271,448.6861018,45,0.666666667,0.615384615,0.666666667,0.64
b12cc99f-3fdf-4ce2-ac65-b8e3fb0817eb,02531004-4599-4177-9d7d-00bc85a200c6,29/07/2023,0.851851852,cfn=cfp AdaCSL_WRC,8,depth = 5 and min_smaple = 5,1,2.8063641,23.8832826,84,0.555555556,0.5,0.333333333,0.4
b12cc99f-3fdf-4ce2-ac65-b8e3fb0817eb,02531004-4599-4177-9d7d-00bc85a200c6,29/07/2023,0.962962963,cfn=cfp AdaCSL_WRC,13,depth = 5 and min_smaple = 5,1,2.8655651,24.0260952,67,0.518518519,0.461538462,0.5,0.48
b12cc99f-3fdf-4ce2-ac65-b8e3fb0817eb,02531004-4599-4177-9d7d-00bc85a200c6,30/07/2023,0.962962963,dt,8,depth = 10 and min_smaple = 5,0,0.1139059,0.5841382,54,0.666666667,0.5,0.444444444,0.470588235
b12cc99f-3fdf-4ce2-ac65-b8e3fb0817eb,02531004-4599-4177-9d7d-00bc85a200c6,30/07/2023,0.851851852,dt,13,depth = 10 and min_smaple = 5,0,0.1084871,0.5717652,37,0.62962963,0.461538462,0.666666667,0.545454545
b12cc99f-3fdf-4ce2-ac65-b8e3fb0817eb,02531004-4599-4177-9d7d-00bc85a200c6,30/07/2023,0.962962963,rf,8,depth = 10 and min_smaple = 5,0,1.6306321,9.0882224,65,0.592592593,0.375,0.333333333,0.352941176
b12cc99f-3fdf-4ce2-ac65-b8e3fb0817eb,02531004-4599-4177-9d7d-00bc85a200c6,30/07/2023,0.851851852,rf,13,depth = 10 and min_smaple = 5,0,1.706592,9.3541756,37,0.62962963,0.461538462,0.666666667,0.545454545
b12cc99f-3fdf-4ce2-ac65-b8e3fb0817eb,02531004-4599-4177-9d7d-00bc85a200c6,30/07/2023,0.962962963,cs,8,depth = 3 and min_smaple = 5,0,0.0397056,0.2956201,76,0.518518519,0.25,0.222222222,0.235294118
b12cc99f-3fdf-4ce2-ac65-b8e3fb0817eb,02531004-4599-4177-9d7d-00bc85a200c6,30/07/2023,0.851851852,cs,13,depth = 3 and min_smaple = 5,0,0.0283753,0.2514996,70,0.407407407,0.230769231,0.333333333,0.272727273
b12cc99f-3fdf-4ce2-ac65-b8e3fb0817eb,02531004-4599-4177-9d7d-00bc85a200c6,30/07/2023,0.962962963,AdaCSL_WRC,8,depth = 3 and min_smaple = 5,15,52.9752566,604.4840526,65,0.592592593,0.375,0.333333333,0.352941176
b12cc99f-3fdf-4ce2-ac65-b8e3fb0817eb,02531004-4599-4177-9d7d-00bc85a200c6,30/07/2023,0.851851852,AdaCSL_WRC,13,depth = 3 and min_smaple = 5,13,50.6449228,490.2766543,48,0.555555556,0.384615385,0.555555556,0.454545455
b12cc99f-3fdf-4ce2-ac65-b8e3fb0817eb,02531004-4599-4177-9d7d-00bc85a200c6,30/07/2023,0.962962963,cfn=cfp AdaCSL_WRC,8,depth = 5 and min_smaple = 5,1,2.6515728,22.8612596,65,0.592592593,0.375,0.333333333,0.352941176
b12cc99f-3fdf-4ce2-ac65-b8e3fb0817eb,02531004-4599-4177-9d7d-00bc85a200c6,30/07/2023,0.851851852,cfn=cfp AdaCSL_WRC,13,depth = 5 and min_smaple = 5,1,2.7509729,22.8443728,48,0.555555556,0.384615385,0.555555556,0.454545455
b12cc99f-3fdf-4ce2-ac65-b8e3fb0817eb,02531004-4599-4177-9d7d-00bc85a200c6,31/07/2023,0.851851852,dt,8,depth = 5 and min_smaple = 50,0,0.0534806,0.557485,73,0.62962963,0.625,0.416666667,0.5
b12cc99f-3fdf-4ce2-ac65-b8e3fb0817eb,02531004-4599-4177-9d7d-00bc85a200c6,31/07/2023,0.962962963,dt,13,depth = 5 and min_smaple = 50,0,0.0535678,0.5611876,45,0.666666667,0.615384615,0.666666667,0.64
b12cc99f-3fdf-4ce2-ac65-b8e3fb0817eb,02531004-4599-4177-9d7d-00bc85a200c6,31/07/2023,0.851851852,rf,8,depth = 10 and min_smaple = 15,0,1.4896235,8.7070372,73,0.62962963,0.625,0.416666667,0.5
b12cc99f-3fdf-4ce2-ac65-b8e3fb0817eb,02531004-4599-4177-9d7d-00bc85a200c6,31/07/2023,0.962962963,rf,13,depth = 10 and min_smaple = 5,0,1.6058253,8.7527924,45,0.666666667,0.615384615,0.666666667,0.64
b12cc99f-3fdf-4ce2-ac65-b8e3fb0817eb,02531004-4599-4177-9d7d-00bc85a200c6,31/07/2023,0.851851852,cs,8,depth = 3 and min_smaple = 5,0,0.0281652,0.2476484,117,0.333333333,0.125,0.083333333,0.1
b12cc99f-3fdf-4ce2-ac65-b8e3fb0817eb,02531004-4599-4177-9d7d-00bc85a200c6,31/07/2023,0.962962963,cs,13,depth = 3 and min_smaple = 5,0,0.027061,0.2401032,89,0.37037037,0.307692308,0.333333333,0.32
b12cc99f-3fdf-4ce2-ac65-b8e3fb0817eb,02531004-4599-4177-9d7d-00bc85a200c6,31/07/2023,0.851851852,AdaCSL_WRC,8,depth = 3 and min_smaple = 5,22,71.705732,722.3632298,84,0.555555556,0.5,0.333333333,0.4
b12cc99f-3fdf-4ce2-ac65-b8e3fb0817eb,02531004-4599-4177-9d7d-00bc85a200c6,31/07/2023,0.962962963,AdaCSL_WRC,13,depth = 3 and min_smaple = 5,18,59.2508222,593.3453672,67,0.518518519,0.461538462,0.5,0.48
b12cc99f-3fdf-4ce2-ac65-b8e3fb0817eb,02531004-4599-4177-9d7d-00bc85a200c6,31/07/2023,0.851851852,cfn=cfp AdaCSL_WRC,8,depth = 3 and min_smaple = 5,2,6.0301318,58.2254717,73,0.62962963,0.625,0.416666667,0.5
b12cc99f-3fdf-4ce2-ac65-b8e3fb0817eb,02531004-4599-4177-9d7d-00bc85a200c6,31/07/2023,0.962962963,cfn=cfp AdaCSL_WRC,13,depth = 3 and min_smaple = 5,1,2.5119183,23.5345919,78,0.444444444,0.384615385,0.416666667,0.4
26672682-9d0d-4049-95ca-c5879996ebf1,856f211d-c66e-4db7-b910-7419900a70e1,25/07/2023,0.695652174,dt,5,depth = 3 and min_smaple = 5,0,0.043542,0.5795687,92,0.52173913,0.6,0.25,0.352941176
26672682-9d0d-4049-95ca-c5879996ebf1,856f211d-c66e-4db7-b910-7419900a70e1,25/07/2023,0.826086957,dt,8,depth = 3 and min_smaple = 5,0,0.0336132,0.5973172,62,0.652173913,0.75,0.5,0.6
26672682-9d0d-4049-95ca-c5879996ebf1,856f211d-c66e-4db7-b910-7419900a70e1,25/07/2023,0.695652174,rf,5,depth = 5 and min_smaple = 15,0,0.8379336,8.8762198,81,0.608695652,0.8,0.333333333,0.470588235
26672682-9d0d-4049-95ca-c5879996ebf1,856f211d-c66e-4db7-b910-7419900a70e1,25/07/2023,0.826086957,rf,8,depth = 5 and min_smaple = 5,0,0.8619712,9.0067972,51,0.739130435,0.875,0.583333333,0.7
26672682-9d0d-4049-95ca-c5879996ebf1,856f211d-c66e-4db7-b910-7419900a70e1,25/07/2023,0.695652174,cs,5,depth = 3 and min_smaple = 5,0,0.0282755,0.2463086,103,0.434782609,0.4,0.166666667,0.235294118
26672682-9d0d-4049-95ca-c5879996ebf1,856f211d-c66e-4db7-b910-7419900a70e1,25/07/2023,0.826086957,cs,8,depth = 3 and min_smaple = 5,0,0.0261497,0.2331488,95,0.391304348,0.375,0.25,0.3
26672682-9d0d-4049-95ca-c5879996ebf1,856f211d-c66e-4db7-b910-7419900a70e1,25/07/2023,0.695652174,AdaCSL_WRC,5,depth = 3 and min_smaple = 5,24,78.2767424,795.6434994,92,0.52173913,0.6,0.25,0.352941176
26672682-9d0d-4049-95ca-c5879996ebf1,856f211d-c66e-4db7-b910-7419900a70e1,25/07/2023,0.826086957,AdaCSL_WRC,8,depth = 3 and min_smaple = 5,18,59.8684401,595.1288944,73,0.565217391,0.625,0.416666667,0.5
26672682-9d0d-4049-95ca-c5879996ebf1,856f211d-c66e-4db7-b910-7419900a70e1,25/07/2023,0.695652174,cfn=cfp AdaCSL_WRC,5,depth = 3 and min_smaple = 5,2,7.3318522,71.3076419,92,0.52173913,0.6,0.25,0.352941176
26672682-9d0d-4049-95ca-c5879996ebf1,856f211d-c66e-4db7-b910-7419900a70e1,25/07/2023,0.826086957,cfn=cfp AdaCSL_WRC,8,depth = 3 and min_smaple = 5,1,3.3777417,31.7180307,62,0.652173913,0.75,0.5,0.6
26672682-9d0d-4049-95ca-c5879996ebf1,856f211d-c66e-4db7-b910-7419900a70e1,26/07/2023,0.681818182,dt,5,depth = 10 and min_smaple = 5,0,0.1159541,0.5889761,70,0.681818182,1,0.416666667,0.588235294
26672682-9d0d-4049-95ca-c5879996ebf1,856f211d-c66e-4db7-b910-7419900a70e1,26/07/2023,0.818181818,dt,8,depth = 10 and min_smaple = 5,0,0.1115083,0.5769923,51,0.727272727,0.875,0.583333333,0.7
26672682-9d0d-4049-95ca-c5879996ebf1,856f211d-c66e-4db7-b910-7419900a70e1,26/07/2023,0.681818182,rf,5,depth = 10 and min_smaple = 5,0,1.650212,8.9892005,81,0.590909091,0.8,0.333333333,0.470588235
26672682-9d0d-4049-95ca-c5879996ebf1,856f211d-c66e-4db7-b910-7419900a70e1,26/07/2023,0.818181818,rf,8,depth = 10 and min_smaple = 5,0,1.6689082,9.0960886,62,0.636363636,0.75,0.5,0.6
26672682-9d0d-4049-95ca-c5879996ebf1,856f211d-c66e-4db7-b910-7419900a70e1,26/07/2023,0.681818182,cs,5,depth = 3 and min_smaple = 5,0,0.0277245,0.2539781,103,0.409090909,0.4,0.166666667,0.235294118
26672682-9d0d-4049-95ca-c5879996ebf1,856f211d-c66e-4db7-b910-7419900a70e1,26/07/2023,0.818181818,cs,8,depth = 3 and min_smaple = 5,0,0.0287151,0.2506442,84,0.454545455,0.5,0.333333333,0.4
26672682-9d0d-4049-95ca-c5879996ebf1,856f211d-c66e-4db7-b910-7419900a70e1,26/07/2023,0.681818182,AdaCSL_WRC,5,depth = 3 and min_smaple = 5,31,106.2838244,1079.924313,81,0.590909091,0.8,0.333333333,0.470588235
26672682-9d0d-4049-95ca-c5879996ebf1,856f211d-c66e-4db7-b910-7419900a70e1,26/07/2023,0.818181818,AdaCSL_WRC,8,depth = 3 and min_smaple = 5,18,62.1107307,603.4421079,73,0.545454545,0.625,0.416666667,0.5
26672682-9d0d-4049-95ca-c5879996ebf1,856f211d-c66e-4db7-b910-7419900a70e1,26/07/2023,0.681818182,cfn=cfp AdaCSL_WRC,5,depth = 3 and min_smaple = 5,3,11.3212513,114.9000878,92,0.5,0.6,0.25,0.352941176
26672682-9d0d-4049-95ca-c5879996ebf1,856f211d-c66e-4db7-b910-7419900a70e1,26/07/2023,0.818181818,cfn=cfp AdaCSL_WRC,8,depth = 3 and min_smaple = 5,1,3.9337031,37.1262921,73,0.545454545,0.625,0.416666667,0.5
26672682-9d0d-4049-95ca-c5879996ebf1,856f211d-c66e-4db7-b910-7419900a70e1,27/07/2023,0.863636364,dt,5,depth = 5 and min_smaple = 5,0,0.0584807,0.6045513,30,0.863636364,1,0.625,0.769230769
26672682-9d0d-4049-95ca-c5879996ebf1,856f211d-c66e-4db7-b910-7419900a70e1,27/07/2023,1,dt,8,depth = 5 and min_smaple = 5,0,0.0572176,0.6134952,33,0.727272727,0.625,0.625,0.625
26672682-9d0d-4049-95ca-c5879996ebf1,856f211d-c66e-4db7-b910-7419900a70e1,27/07/2023,0.863636364,rf,5,depth = 3 and min_smaple = 5,0,0.6452853,9.7398349,63,0.590909091,0.4,0.25,0.307692308
26672682-9d0d-4049-95ca-c5879996ebf1,856f211d-c66e-4db7-b910-7419900a70e1,27/07/2023,1,rf,8,depth = 3 and min_smaple = 5,0,0.692207,9.611637,44,0.636363636,0.5,0.5,0.5
26672682-9d0d-4049-95ca-c5879996ebf1,856f211d-c66e-4db7-b910-7419900a70e1,27/07/2023,0.863636364,cs,5,depth = 3 and min_smaple = 5,0,0.0284819,0.2560318,63,0.590909091,0.4,0.25,0.307692308
26672682-9d0d-4049-95ca-c5879996ebf1,856f211d-c66e-4db7-b910-7419900a70e1,27/07/2023,1,cs,8,depth = 3 and min_smaple = 5,0,0.0290058,0.259166,44,0.636363636,0.5,0.5,0.5
26672682-9d0d-4049-95ca-c5879996ebf1,856f211d-c66e-4db7-b910-7419900a70e1,27/07/2023,0.863636364,AdaCSL_WRC,5,depth = 3 and min_smaple = 5,25,90.8530773,885.5141572,74,0.5,0.2,0.125,0.153846154
26672682-9d0d-4049-95ca-c5879996ebf1,856f211d-c66e-4db7-b910-7419900a70e1,27/07/2023,1,AdaCSL_WRC,8,depth = 3 and min_smaple = 5,20,68.6707576,692.6262604,55,0.545454545,0.375,0.375,0.375
26672682-9d0d-4049-95ca-c5879996ebf1,856f211d-c66e-4db7-b910-7419900a70e1,27/07/2023,0.863636364,cfn=cfp AdaCSL_WRC,5,depth = 3 and min_smaple = 5,2,6.6043567,67.4612442,74,0.5,0.2,0.125,0.153846154
26672682-9d0d-4049-95ca-c5879996ebf1,856f211d-c66e-4db7-b910-7419900a70e1,27/07/2023,1,cfn=cfp AdaCSL_WRC,8,depth = 3 and min_smaple = 5,1,2.6071298,25.5530825,55,0.545454545,0.375,0.375,0.375
26672682-9d0d-4049-95ca-c5879996ebf1,856f211d-c66e-4db7-b910-7419900a70e1,28/07/2023,0.826086957,dt,5,depth = 5 and min_smaple = 5,0,0.0558497,0.5847953,40,0.826086957,1,0.555555556,0.714285714
26672682-9d0d-4049-95ca-c5879996ebf1,856f211d-c66e-4db7-b910-7419900a70e1,28/07/2023,0.956521739,dt,8,depth = 5 and min_smaple = 5,0,0.0543867,0.579803,32,0.782608696,0.75,0.666666667,0.705882353
26672682-9d0d-4049-95ca-c5879996ebf1,856f211d-c66e-4db7-b910-7419900a70e1,28/07/2023,0.826086957,rf,5,depth = 3 and min_smaple = 15,0,0.649778,9.3894366,62,0.652173913,0.6,0.333333333,0.428571429
26672682-9d0d-4049-95ca-c5879996ebf1,856f211d-c66e-4db7-b910-7419900a70e1,28/07/2023,0.956521739,rf,8,depth = 10 and min_smaple = 5,0,1.6812938,9.182893,32,0.782608696,0.75,0.666666667,0.705882353
26672682-9d0d-4049-95ca-c5879996ebf1,856f211d-c66e-4db7-b910-7419900a70e1,28/07/2023,0.826086957,cs,5,depth = 3 and min_smaple = 5,0,0.0277829,0.2479237,73,0.565217391,0.4,0.222222222,0.285714286
26672682-9d0d-4049-95ca-c5879996ebf1,856f211d-c66e-4db7-b910-7419900a70e1,28/07/2023,0.956521739,cs,8,depth = 3 and min_smaple = 5,0,0.0273117,0.2437949,65,0.52173913,0.375,0.333333333,0.352941176
26672682-9d0d-4049-95ca-c5879996ebf1,856f211d-c66e-4db7-b910-7419900a70e1,28/07/2023,0.826086957,AdaCSL_WRC,5,depth = 3 and min_smaple = 5,19,69.3080727,698.8201036,40,0.826086957,1,0.555555556,0.714285714
26672682-9d0d-4049-95ca-c5879996ebf1,856f211d-c66e-4db7-b910-7419900a70e1,28/07/2023,0.956521739,AdaCSL_WRC,8,depth = 3 and min_smaple = 5,19,68.2391106,694.9447082,32,0.782608696,0.75,0.666666667,0.705882353
26672682-9d0d-4049-95ca-c5879996ebf1,856f211d-c66e-4db7-b910-7419900a70e1,28/07/2023,0.826086957,cfn=cfp AdaCSL_WRC,5,depth = 3 and min_smaple = 5,2,6.4482849,64.9022895,62,0.652173913,0.6,0.333333333,0.428571429
26672682-9d0d-4049-95ca-c5879996ebf1,856f211d-c66e-4db7-b910-7419900a70e1,28/07/2023,0.956521739,cfn=cfp AdaCSL_WRC,8,depth = 3 and min_smaple = 5,1,2.5074246,24.4289195,43,0.695652174,0.625,0.555555556,0.588235294
26672682-9d0d-4049-95ca-c5879996ebf1,856f211d-c66e-4db7-b910-7419900a70e1,29/07/2023,0.782608696,dt,5,depth = 10 and min_smaple = 5,0,0.1124892,0.5948919,61,0.695652174,0.8,0.4,0.533333333
26672682-9d0d-4049-95ca-c5879996ebf1,856f211d-c66e-4db7-b910-7419900a70e1,29/07/2023,0.913043478,dt,8,depth = 10 and min_smaple = 5,0,0.1164871,0.6264531,42,0.739130435,0.75,0.6,0.666666667
26672682-9d0d-4049-95ca-c5879996ebf1,856f211d-c66e-4db7-b910-7419900a70e1,29/07/2023,0.782608696,rf,5,depth = 5 and min_smaple = 5,0,0.9141682,9.2394447,50,0.782608696,1,0.5,0.666666667
26672682-9d0d-4049-95ca-c5879996ebf1,856f211d-c66e-4db7-b910-7419900a70e1,29/07/2023,0.913043478,rf,8,depth = 10 and min_smaple = 5,0,1.6245906,9.1392282,20,0.913043478,1,0.8,0.888888889
26672682-9d0d-4049-95ca-c5879996ebf1,856f211d-c66e-4db7-b910-7419900a70e1,29/07/2023,0.782608696,cs,5,depth = 3 and min_smaple = 5,0,0.0279989,0.2476891,94,0.434782609,0.2,0.1,0.133333333
26672682-9d0d-4049-95ca-c5879996ebf1,856f211d-c66e-4db7-b910-7419900a70e1,29/07/2023,0.913043478,cs,8,depth = 3 and min_smaple = 5,0,0.0268579,0.2505408,75,0.47826087,0.375,0.3,0.333333333
26672682-9d0d-4049-95ca-c5879996ebf1,856f211d-c66e-4db7-b910-7419900a70e1,29/07/2023,0.782608696,AdaCSL_WRC,5,depth = 3 and min_smaple = 5,27,94.015365,964.8555322,61,0.695652174,0.8,0.4,0.533333333
26672682-9d0d-4049-95ca-c5879996ebf1,856f211d-c66e-4db7-b910-7419900a70e1,29/07/2023,0.913043478,AdaCSL_WRC,8,depth = 3 and min_smaple = 5,20,70.4815411,712.9430419,42,0.739130435,0.75,0.6,0.666666667
26672682-9d0d-4049-95ca-c5879996ebf1,856f211d-c66e-4db7-b910-7419900a70e1,29/07/2023,0.782608696,cfn=cfp AdaCSL_WRC,5,depth = 3 and min_smaple = 5,2,6.1417038,62.2401878,61,0.695652174,0.8,0.4,0.533333333
26672682-9d0d-4049-95ca-c5879996ebf1,856f211d-c66e-4db7-b910-7419900a70e1,29/07/2023,0.913043478,cfn=cfp AdaCSL_WRC,8,depth = 3 and min_smaple = 5,1,2.6770312,24.2754012,42,0.739130435,0.75,0.6,0.666666667
26672682-9d0d-4049-95ca-c5879996ebf1,856f211d-c66e-4db7-b910-7419900a70e1,30/07/2023,0.956521739,dt,5,depth = 10 and min_smaple = 5,0,0.1117672,0.5809618,32,0.782608696,0.6,0.5,0.545454545
26672682-9d0d-4049-95ca-c5879996ebf1,856f211d-c66e-4db7-b910-7419900a70e1,30/07/2023,0.913043478,dt,8,depth = 10 and min_smaple = 5,0,0.1109002,0.5807444,24,0.739130435,0.5,0.666666667,0.571428571
26672682-9d0d-4049-95ca-c5879996ebf1,856f211d-c66e-4db7-b910-7419900a70e1,30/07/2023,0.956521739,rf,5,depth = 10 and min_smaple = 5,0,1.6169188,8.9747424,32,0.782608696,0.6,0.5,0.545454545
26672682-9d0d-4049-95ca-c5879996ebf1,856f211d-c66e-4db7-b910-7419900a70e1,30/07/2023,0.913043478,rf,8,depth = 10 and min_smaple = 5,0,1.663433,8.922989,24,0.739130435,0.5,0.666666667,0.571428571
26672682-9d0d-4049-95ca-c5879996ebf1,856f211d-c66e-4db7-b910-7419900a70e1,30/07/2023,0.956521739,cs,5,depth = 3 and min_smaple = 5,0,0.0268113,0.2430595,54,0.608695652,0.2,0.166666667,0.181818182
26672682-9d0d-4049-95ca-c5879996ebf1,856f211d-c66e-4db7-b910-7419900a70e1,30/07/2023,0.913043478,cs,8,depth = 3 and min_smaple = 5,0,0.0271183,0.2460624,35,0.652173913,0.375,0.5,0.428571429
26672682-9d0d-4049-95ca-c5879996ebf1,856f211d-c66e-4db7-b910-7419900a70e1,30/07/2023,0.956521739,AdaCSL_WRC,5,depth = 3 and min_smaple = 5,11,42.0317941,409.4386121,43,0.695652174,0.4,0.333333333,0.363636364
26672682-9d0d-4049-95ca-c5879996ebf1,856f211d-c66e-4db7-b910-7419900a70e1,30/07/2023,0.913043478,AdaCSL_WRC,8,depth = 3 and min_smaple = 5,6,20.2114429,197.6986206,24,0.739130435,0.5,0.666666667,0.571428571
26672682-9d0d-4049-95ca-c5879996ebf1,856f211d-c66e-4db7-b910-7419900a70e1,30/07/2023,0.956521739,cfn=cfp AdaCSL_WRC,5,depth = 3 and min_smaple = 5,1,2.4869268,23.4254201,54,0.608695652,0.2,0.166666667,0.181818182
26672682-9d0d-4049-95ca-c5879996ebf1,856f211d-c66e-4db7-b910-7419900a70e1,30/07/2023,0.913043478,cfn=cfp AdaCSL_WRC,8,depth = 3 and min_smaple = 5,1,2.4327724,23.1871299,46,0.565217391,0.25,0.333333333,0.285714286
26672682-9d0d-4049-95ca-c5879996ebf1,856f211d-c66e-4db7-b910-7419900a70e1,31/07/2023,0.782608696,dt,5,depth = 5 and min_smaple = 50,0,0.05406,0.5711794,61,0.695652174,0.8,0.4,0.533333333
26672682-9d0d-4049-95ca-c5879996ebf1,856f211d-c66e-4db7-b910-7419900a70e1,31/07/2023,0.913043478,dt,8,depth = 5 and min_smaple = 50,0,0.0538077,0.5735069,42,0.739130435,0.75,0.6,0.666666667
26672682-9d0d-4049-95ca-c5879996ebf1,856f211d-c66e-4db7-b910-7419900a70e1,31/07/2023,0.782608696,rf,5,depth = 3 and min_smaple = 5,0,0.6030156,9.1612921,61,0.695652174,0.8,0.4,0.533333333
26672682-9d0d-4049-95ca-c5879996ebf1,856f211d-c66e-4db7-b910-7419900a70e1,31/07/2023,0.913043478,rf,8,depth = 3 and min_smaple = 5,0,0.6265571,8.9660651,42,0.739130435,0.75,0.6,0.666666667
26672682-9d0d-4049-95ca-c5879996ebf1,856f211d-c66e-4db7-b910-7419900a70e1,31/07/2023,0.782608696,cs,5,depth = 3 and min_smaple = 5,0,0.0270111,0.2405192,83,0.52173913,0.4,0.2,0.266666667
26672682-9d0d-4049-95ca-c5879996ebf1,856f211d-c66e-4db7-b910-7419900a70e1,31/07/2023,0.913043478,cs,8,depth = 3 and min_smaple = 5,0,0.026518,0.2401645,53,0.652173913,0.625,0.5,0.555555556
26672682-9d0d-4049-95ca-c5879996ebf1,856f211d-c66e-4db7-b910-7419900a70e1,31/07/2023,0.782608696,AdaCSL_WRC,5,depth = 3 and min_smaple = 5,25,83.9958794,850.5137805,50,0.782608696,1,0.5,0.666666667
26672682-9d0d-4049-95ca-c5879996ebf1,856f211d-c66e-4db7-b910-7419900a70e1,31/07/2023,0.913043478,AdaCSL_WRC,8,depth = 3 and min_smaple = 5,18,59.5208097,604.3063199,42,0.739130435,0.75,0.6,0.666666667
26672682-9d0d-4049-95ca-c5879996ebf1,856f211d-c66e-4db7-b910-7419900a70e1,31/07/2023,0.782608696,cfn=cfp AdaCSL_WRC,5,depth = 3 and min_smaple = 5,2,6.2396494,59.9384793,61,0.695652174,0.8,0.4,0.533333333
26672682-9d0d-4049-95ca-c5879996ebf1,856f211d-c66e-4db7-b910-7419900a70e1,31/07/2023,0.913043478,cfn=cfp AdaCSL_WRC,8,depth = 3 and min_smaple = 5,1,2.5101982,24.0914116,42,0.739130435,0.75,0.6,0.666666667
